hotel_name,class_of_rating,rating,num_reviews
Oakwood Boston,Excellent,8.7,83
14 Gloucester St #2B by Lyon Apartments,N/A,N/A,N/A
Garrison Street Apartment by Stay Alfred,Very Good,8.5,204
14 Gloucester St #2A by Lyon Apartments,N/A,N/A,N/A
Clearway Street by Boston Furnished Rooms,N/A,N/A,N/A
The Copley House,Very Good,8.1,2798
Two Bedroom Boston Luxury Apartment,Exceptional,9.8,24
14 Gloucester St #4A by Lyon Apartments,N/A,N/A,N/A
Hyatt Regency Boston Harbor,Excellent,8.6,1359
Ramada Boston,Review score,6.9,2248
Global Luxury Suites at Fenway,Excellent,8.6,118
Boston Harbor View Luxury Suites,Very Good,8.2,172
The Godfrey Hotel Boston,Awesome,9.0,2289
Global Luxury Suites at Fenway Park,Good,7.9,233
Westin Boston Waterfront,Very Good,8.4,366
102 Chandler #8 By Lyon Apartments,N/A,N/A,N/A
102 Chandler #4 By Lyon Apartments,N/A,N/A,N/A
Loews Boston Hotel,Awesome,9.0,2018
One-Bedroom on Washington Street Apt 304,N/A,N/A,N/A
Global Luxury Suites at The Theater District,Good,7.8,47
Hotel 140,Very Good,8.0,2700
Garrison Street Apartment by Stay Alfred,Very Good,8.5,204
The Westin Copley Place Boston,Excellent,8.6,1191
Washington Street Apartment by Stay Alfred,Excellent,8.9,255
Four Seasons Boston,Awesome,9.0,198
Kenmore Apartments by Starlight Suites,N/A,N/A,N/A
Boston Hotel Buckminster,Very Good,8.0,2530
Longfellow Place Apartment by Stay Alfred,Very Good,8.5,204
Seaport Boston Hotel,Awesome,9.1,1924
112 Myrtle St #5 by Lyon Apartments,Very Good,8.4,17
112 Myrtle St #5 by Lyon Apartments,Very Good,8.4,17
Two-Bedroom on Milk Street Apt 5B,Awesome,9.2,6
14 Gloucester Street by Lyon Apartments,Very Good,8.4,42
D Street,N/A,N/A,N/A
112 Myrtle St #9 by Lyon Apartments,Very Good,8.1,32
Sheraton Boston Hotel,Very Good,8.3,3283
The Colonnade Hotel,Excellent,8.6,1212
Newbury Guest House,Excellent,8.9,608
Two-Bedroom on D Street Apt 344,N/A,N/A,N/A
One-Bedroom on Arch Street Apt 5D,Very Good,8.5,15
Wyndham Boston Beacon Hill,Good,7.8,1887
Harborside Inn,Very Good,8.5,1987
Three-Bedroom on Hamilton Place Apt 305,N/A,N/A,N/A
Bluebird Suites In The Heart of Fenway,Very Good,8.4,62
14 Gloucester Street #G by Lyon Apartments,N/A,N/A,N/A
14 Gloucester Street 4B,N/A,N/A,N/A
Taj Boston,Excellent,8.8,2185
Hyatt Regency Boston Harbor,Excellent,8.6,1359
112 Myrtle St #7 by Lyon Apartments,Very Good,8.0,15
InterContinental Boston,Awesome,9.0,728
One-Bedroom on Washington Street Apt 204,N/A,N/A,N/A
The Bostonian Boston,Excellent,8.9,974
Aloft Boston Seaport,Very Good,8.5,764
The Lenox,Awesome,9.3,897
Patrick's Place,N/A,N/A,N/A
Three-Bedroom on Hamilton Place Apt 508,N/A,N/A,N/A
Temple Place Suites by Short Term Rentals Boston,Good,7.3,124
Bluebird Suites at Boston's Theatre District,Very Good,8.2,58
102 Chandler #6 By Lyon Apartments,N/A,N/A,N/A
Hilton Garden Inn Boston Logan Airport,Awesome,9.0,947
Temple Place Suites by Short Term Rentals Boston,Good,7.3,124
Bluebird Suites at Boston's Theatre District,Very Good,8.2,58
102 Chandler #6 By Lyon Apartments,N/A,N/A,N/A
Hilton Garden Inn Boston Logan Airport,Awesome,9.0,947
One-Bedroom on Boylston Street Apt 1311,N/A,N/A,N/A
112 Myrtle St #1 by Lyon Apartments,Good,7.8,20
The Verb Hotel,Awesome,9.0,1051
Three-Bedroom on Hamilton Place Apt 408,N/A,N/A,N/A
Canal Street Apartment by Stay Alfred,Awesome,9.0,201
102 Chandler #5 By Lyon Apartments,N/A,N/A,N/A
Two-Bedroom House on Columbus Avenue,N/A,N/A,N/A
Two-Bedroom on Hamilton Place Apt 502,N/A,N/A,N/A
One-Bedroom on Washington Street Apt 308,N/A,N/A,N/A
Chandler Inn Hotel,Good,7.8,824
Two-Bedroom on Hamilton Place Apt 402,N/A,N/A,N/A
The Baldwin at Longwood Medical Area,Awesome,9.1,143
Modern Spacious Two Bedroom With Balcony!,N/A,N/A,N/A
Global Luxury Suites at China Town,Very Good,8.2,223
Three-Bedroom on Larose Place Apt L,Excellent,8.7,13
Hotel Boston,Good,7.4,594
Bricco Suites,Excellent,8.7,398
One-Bedroom on Boylston Street Apt 9,N/A,N/A,N/A
Global Luxury Suites at Fenway,Excellent,8.6,118
W Boston,Excellent,8.7,677
Back Bay Beacon,Very Good,8.3,155
Hyatt Regency Boston,Very Good,8.5,1374
Apartment in the Heart of Boston,Very Good,8.2,7
Jefferies Point Condos by Airport & Subway - 2,N/A,N/A,N/A
Courtyard Boston Downtown,Very Good,8.2,438
Global Luxury Suites at Massachusetts General,Good,7.9,46
Courtyard Boston Downtown,Very Good,8.2,438
Global Luxury Suites at Massachusetts General,Good,7.9,46
Charlesmark Hotel,Very Good,8.4,965
Two-Bedroom on Columbia Road Apt 1D,N/A,N/A,N/A
DoubleTree Suites by Hilton Hotel Boston - Cambridge,Excellent,8.6,976
Two-Bedroom on Western Avenue Apt S - 404,N/A,N/A,N/A
One-Bedroom on Beacon Street Apt 201,Awesome,9.0,7
One-Bedroom on St. Botolph Street Apt 10,N/A,N/A,N/A
Boston Yacht Haven,Exceptional,9.5,393
Boston Harbor View Luxury Suites,Very Good,8.2,172
Constitution Inn,Review score,6.7,1404
Studio on Arch Street Apt 4A,Excellent,8.8,8
Hilton Boston Back Bay,Very Good,8.2,525
Three-Bedroom on South Street Apt 11,N/A,N/A,N/A
Concord Square by Short Term Rentals Boston,Review score,6.9,571
Two-Bedroom on D Street Apt 312,N/A,N/A,N/A
Studio on Arch Street Apt 4B,N/A,N/A,N/A
Boston Marriott Copley Place,Excellent,8.6,1073
Two-Bedroom on Hamilton Place Apt 501,N/A,N/A,N/A
Two-Bedroom on Hamilton Place Apt 303,N/A,N/A,N/A
Three-Bedroom on D Street Apt 20,Awesome,9.3,5
Revere Hotel Boston Common,Very Good,8.4,2025
Copley Square Hotel,Very Good,8.5,766
14 Gloucester Street 1B,Awesome,9.3,8
Three-Bedroom on Brainerd Road Apt 22,Very Good,8.0,15
Global Luxury Suites at Fenway Park,Good,7.9,233
DoubleTree by Hilton Hotel Boston - Downtown,Very Good,8.2,783
Global Luxury Suites at Longwood Medical Area,Very Good,8.2,12
Apartment in Historic Location,Awesome,9.1,17
Best Western Plus Boston Hotel,Good,7.3,1168
Copley Square Hotel,Very Good,8.5,766
14 Gloucester Street 1B,Awesome,9.3,8
Three-Bedroom on Brainerd Road Apt 22,Very Good,8.0,15
Global Luxury Suites at Longwood Medical Area,Very Good,8.2,12
Apartment in Historic Location,Awesome,9.1,17
Best Western Plus Boston Hotel,Good,7.3,1168
Boston Little Italy Two Bedrooms (H2D),N/A,N/A,N/A
Westin Boston Waterfront,Very Good,8.4,366
Beautiful 2BR/1BA in convenient North End location,N/A,N/A,N/A
One-Bedroom on Arch Street Apt 2C,Good,7.8,14
Boston Harbor Hotel,Awesome,9.3,362
A Street Apartment by Stay Alfred,Awesome,9.2,107
Two-Bedroom on Hamilton Place Apt 401,N/A,N/A,N/A
Charming 2 Bedroom Apartment by the Green Line with Private Parking,N/A,N/A,N/A
Studio on Washington Street Apt 301,N/A,N/A,N/A
Fairmont Copley Plaza,Excellent,8.8,862
Boston Christopher,Very Good,8.1,287
Welcome to Boston,Exceptional,9.7,7
The Eliot Suite Hotel,Awesome,9.0,1211
Boston Park Plaza,Very Good,8.1,1142
One-Bedroom on Warrenton Street Apt 20,N/A,N/A,N/A
The Envoy Hotel Autograph Collection,Excellent,8.8,232
Kimpton Nine Zero Hotel,Excellent,8.9,823
Two-Bedroom on E Springfield Street Apt 4,N/A,N/A,N/A
Evolve Park Lane Seaport,Good,7.3,11
Global Luxury Suites at West End,Good,7.5,9
Inn at St. Botolph,Excellent,8.9,215
One-Bedroom on D Street Apt 432,Awesome,9.0,6
One-Bedroom on Brookline Avenue Apt 834,N/A,N/A,N/A
Hotel Commonwealth,Awesome,9.1,1767
One-Bedroom on D Street Apt 432,Awesome,9.0,6
One-Bedroom on Brookline Avenue Apt 834,N/A,N/A,N/A
Hotel Commonwealth,Awesome,9.1,1767
One-Bedroom on D Street Apt 353,N/A,N/A,N/A
One-Bedroom on D Street Apt 345,Very Good,8.3,5
Boston Newbury,Good,7.8,172
Hampton Inn & Suites Boston Crosstown Center,Very Good,8.0,499
Four-Bedroom on Hamilton Place Apt 406,N/A,N/A,N/A
2BR With Views of Charles River by STARS of Boston,Review score,6.8,10
One-Bedroom on Warrenton Street Apt 5,N/A,N/A,N/A
Goodwin Beacon Hill House,N/A,N/A,N/A
Courtyard Boston Copley Square,Very Good,8.5,201
Three-Bedroom on South Street Apt 3,N/A,N/A,N/A
Comfort Inn Boston,Good,7.5,924
Boston Omni Parker House Hotel,Very Good,8.3,2541
Jefferies Point Condos by Airport & Subway - 3,N/A,N/A,N/A
The Liberty a Luxury Collection Hotel,Excellent,8.8,535
Courtyard by Marriott Boston Logan Airport,Good,7.9,417
102 Chandler #7 By Lyon Apartments,N/A,N/A,N/A
Two-Bedroom on Washington Street Apt 407,N/A,N/A,N/A
One-Bedroom on Washington Street Apt 206,N/A,N/A,N/A
Mandarin Oriental Boston,Awesome,9.2,84
One-Bedroom on Beacon Street Apt 17,N/A,N/A,N/A
Midtown Hotel,Good,7.7,1125
Jefferies Point Condos by Airport & Subway,N/A,N/A,N/A
Two-Bedroom on Washington Street Apt 507,N/A,N/A,N/A
Studio on Washington Street Apt 202,N/A,N/A,N/A
The West End Family Getaway,N/A,N/A,N/A
Two-Bedroom on Commonwealth Avenue Apt 311,N/A,N/A,N/A
One-Bedroom on Brookline Avenue Apt 634,N/A,N/A,N/A
Herbivorian House,N/A,N/A,N/A
One-Bedroom on D Street Apt 151,N/A,N/A,N/A
One-Bedroom on Elko Street Apt 8,N/A,N/A,N/A
Beech Glen Street 3BR/2BA,N/A,N/A,N/A
Evolve Suites Back Bay,Very Good,8.2,175
Courtyard Boston-South Boston,Very Good,8.4,333
Evolve Fenway Diamond,Very Good,8.1,430
Global Luxury Suites at Boston Common,Excellent,8.9,12
Two-Bedroom on Hamilton Place Apt 302,N/A,N/A,N/A
Studio on Washington Street Apt 203,N/A,N/A,N/A
Two-Bedroom on Milk Street Apt 5A,Awesome,9.2,5
Historic Apartment with Private Entry,N/A,N/A,N/A
Two-Bedroom on D Street Apt 136,Good,7.7,5
102 Chandler Street #1 by Lyon Apartments,Very Good,8.0,15
The Langham Boston,Awesome,9.0,805
Apartments on Harrison Avenue,Excellent,8.6,72
Three-Bedroom on Hamilton Place Apt 405,N/A,N/A,N/A
Three-Bedroom on South Street Apt 5,N/A,N/A,N/A
Hilton Boston Downtown/Faneuil Hall,Very Good,8.5,711
Two-Bedroom on Arch Street Apt 5C,Good,7.9,8
Best Boston Location 2BR (M2),N/A,N/A,N/A
Element Boston Seaport by Westin,Excellent,8.9,156
Studio on Washington Street Apt 502,N/A,N/A,N/A
HI - Boston Hostel,Excellent,8.7,5651
Cherrywood on Beacon Hill,N/A,N/A,N/A
12 Mt. Vernon Street by Short Term Rentals Boston,Very Good,8.5,11
Bluebird Suites Near South Station,N/A,N/A,N/A
One-Bedroom on Boylston Street Apt 603,Excellent,8.9,5
Apartments on Newbury Street,Very Good,8.2,10
Spacious Modern Bedroom,N/A,N/A,N/A
Spacious Modern Bedroom,N/A,N/A,N/A
West Broadway Quarters by Short Term Rentals Boston,Good,7.8,693
Two-Bedroom on Western Avenue Apt S - 402,N/A,N/A,N/A
Oasis Guest House,Very Good,8.2,338
One-Bedroom on Washington Street Apt 306,N/A,N/A,N/A
One-Bedroom on Western Avenue Apt S - 418,N/A,N/A,N/A
Holiday Inn Express Boston,Very Good,8.0,497
Studio on Arch Street Apt 3A,N/A,N/A,N/A
Two-Bedroom on Union Park Street Apt 2,N/A,N/A,N/A
The Ledder House,Excellent,8.6,6
One-Bedroom on Brainerd Road Apt 27,N/A,N/A,N/A
Apartments on Washington Street,Very Good,8.2,20
One-Bedroom on Beacon Street Apt 206,N/A,N/A,N/A
One-Bedroom on Brookline Avenue Apt 1508,N/A,N/A,N/A
Two-Bedroom on D Street Apt 106,N/A,N/A,N/A
The Michelle 4,N/A,N/A,N/A
Residence Inn by Marriott Boston Back Bay/Fenway,Awesome,9.0,316
Boston Common Hotel Copley Square,Review score,6.6,479
Studio on Arch Street Apt 3E,Very Good,8.0,10
Two-Bedroom on Tremont Street Apt 402,N/A,N/A,N/A
Evolve East Boston,Good,7.8,297
Modern Brighton Getaway,N/A,N/A,N/A
Two-Bedroom on D Street Apt 158,N/A,N/A,N/A
The Inn at Longwood Medical,Good,7.8,333
304 Newbury Street by Short Term Rentals Boston,Very Good,8.0,52
The Michelle 3,N/A,N/A,N/A
Studio on Arch Street Apt 2E,N/A,N/A,N/A
Studio on Beacon Street Apt 14,N/A,N/A,N/A
Best Boston Location 2BR (M#4),N/A,N/A,N/A
Penthouse at Upham's Corner Condo,N/A,N/A,N/A
Best Boston Location 2BR (M#4),N/A,N/A,N/A
Penthouse at Upham's Corner Condo,N/A,N/A,N/A
One-Bedroom on Warrenton Street Apt 14,N/A,N/A,N/A
One-Bedroom on Chestnut Hill Avenue Apt 15,N/A,N/A,N/A
Two-Bedroom on Hamilton Place Apt 503,N/A,N/A,N/A
Studio on Arch Street Apt 2B,Good,7.1,6
Four-Bedroom on Hamilton Place Apt 407,N/A,N/A,N/A
Two-Bedroom on E Springfield Street Apt 3,N/A,N/A,N/A
One-Bedroom on East Springfield Street Apt B,N/A,N/A,N/A
One-Bedroom on D Street Apt 323,N/A,N/A,N/A
Gorgeous 2 Bedroom Apartment by Boston University and Private Parking,N/A,N/A,N/A
Archstone Modernity,N/A,N/A,N/A
Two-Bedroom on Hamilton Place Apt 301,N/A,N/A,N/A
463 Beacon Street Guest House,Review score,6.7,942
Kimpton Onyx Hotel,Very Good,8.5,829
Renaissance Boston Waterfront Hotel,Excellent,8.6,390
Beacon Hill Apartment,N/A,N/A,N/A
One-Bedroom on Arch Street Apt 2D,Very Good,8.1,7
One-Bedroom on Arch Street Apt 3D,Excellent,8.7,9
Two-Bedroom on Washington Street Apt 402,Very Good,8.1,14
One-Bedroom on Warrenton Street Apt 19,Review score,6.7,8
Gorgeous Unique 3BR/3BA Duplex North End (M-G),N/A,N/A,N/A
Two-Bedroom on Milk Street Apt 3D,Exceptional,9.5,6
Two Bedroom Apartment in Downtown Boston by STARS of Boston,Good,7.3,28
One-Bedroom on D Street Apt 111,Awesome,9.4,7
One-Bedroom on D Street Apt 329,N/A,N/A,N/A
2 Bedroom Apartment in Downtown Boston,N/A,N/A,N/A
The Ritz-Carlton Boston,Very Good,8.2,53
The Michelle 1,Excellent,8.8,6
DoubleTree Club by Hilton Hotel Boston Bayside,Very Good,8.0,731
PIER 4,N/A,N/A,N/A
One-Bedroom on Brookline Avenue Apt 203,N/A,N/A,N/A
One-Bedroom on D Street Apt 246,N/A,N/A,N/A
Reggie's Place,Good,7.8,17
Residence Inn by Marriott Boston Downtown Seaport,Excellent,8.8,85
Egleston Square Condo Jamaica Plain,N/A,N/A,N/A
Beacon Hill Hotel,Excellent,8.7,130
Apartment by Tufts Medical by STARS of Boston,Review score,6.6,10
Boston Best Furnished Studio (H2A),N/A,N/A,N/A
Four-Bedroom on Hamilton Place Apt 507,N/A,N/A,N/A
One-Bedroom on D Street Apt 348,N/A,N/A,N/A
Back Bay Studio by STARS of Boston,Very Good,8.5,5
Bluebird Suites at Van Ness,N/A,N/A,N/A
One-Bedroom on Washington Street Apt 305,N/A,N/A,N/A
One-Bedroom on Newbury Street Apt 32,Good,7.8,12
One-Bedroom on Washington Street Apt 205,N/A,N/A,N/A
Boston Best One Bedroom Duplex (H2C),N/A,N/A,N/A
94 Charles Street by Short Term Rentals Boston,Good,7.5,37
Best Boston Location 2BR (M#3),N/A,N/A,N/A
Global Luxury Suites at the Commonwealth,Good,7.6,9
One-Bedroom on Newbury Street Apt 42,N/A,N/A,N/A
Boston Huge 1 BR Best Location (H2B),N/A,N/A,N/A
One-Bedroom on Arch Street Apt 3C,Good,7.0,15
One-Bedroom on Harrison Avenue Apt 206,N/A,N/A,N/A
Two-Bedroom on Tremont Street Apt 6,Very Good,8.1,11
The Boxer,Excellent,8.6,572
Charlesview Suites Back Bay,Excellent,8.9,24
West End Hideaway,N/A,N/A,N/A
Oakwood Lofts at Atlantic Wharf,N/A,N/A,N/A
One-Bedroom on Brookline Avenue Apt 405,N/A,N/A,N/A
Bluebird Suites at Boylston,N/A,N/A,N/A
One-Bedroom on Beacon Street Apt 208,N/A,N/A,N/A
237 Northampton Street by Short Term Rentals Boston,Review score,6.7,12
102 Chandler Street by Lyon Apartments,Very Good,8.4,11
One-Bedroom on Boylston Street Apt 11,Good,7.1,6
enVision Hotel Boston - Longwood an Ascend Hotel Collection Member,Very Good,8.3,171
Apartments on Beacon Street,Very Good,8.0,29
One-Bedroom on N Margin Street Apt 1,N/A,N/A,N/A
Quarters on DOT by Short Term Rentals Boston,Review score,6.9,415
John Jeffries House,Good,7.9,89
Chestnut Hill Ave Studio by STARS of Boston,Good,7.5,15
Global Luxury Suites at Boston Garden,N/A,N/A,N/A
The Beacon on Massachusetts Avenue Condo,N/A,N/A,N/A
One-Bedroom on Beacon Street Apt 202,N/A,N/A,N/A
One-Bedroom on Arch Street Apt 5A,Very Good,8.5,7
One-Bedroom on Arch Street Apt 5A,Very Good,8.5,7
Bay State in the Back Bay Condo,N/A,N/A,N/A
One-Bedroom on Warrenton Street Apt 3,N/A,N/A,N/A
One-Bedroom on Boylston Street Apt 10,Review score,6.9,10
Sky View on Jones Hill Condo,N/A,N/A,N/A
Family Apartment In Front Of The Subway with One Parking Spot,N/A,N/A,N/A
Global Luxury Suites at Seaport,N/A,N/A,N/A
Two-Bedroom on Western Avenue Apt N301,Good,7.5,5
Sawyer on Jones Hill Condo,N/A,N/A,N/A
2 Bedroom House in Brighton,N/A,N/A,N/A
Two-Bedroom on Washington Street Apt 403,N/A,N/A,N/A
Taylor House Bed and Breakfast,Very Good,8.2,49
XV Beacon Hotel,Awesome,9.2,62
Studio on Arch Street Apt 3B,N/A,N/A,N/A
ARTlab DX,Excellent,8.6,5
One-Bedroom on Warrenton Street Apt 16,Review score,6.9,9
Monument Square Home on Bunker Hill Home,N/A,N/A,N/A
One-Bedroom on D Street Apt 234,N/A,N/A,N/A
One-Bedroom on Warrenton Street Apt 2,N/A,N/A,N/A
Grand View on Jones Hill Condo,N/A,N/A,N/A
Luxury Apartments in Watermark Seaport near BCEC by LYX Suites,Excellent,8.7,32
Stunning 2 Bedroom Apartment by Boston University with Parking,Very Good,8.2,12
Two-Bedroom on Hamilton Place Apt 403,N/A,N/A,N/A
One-Bedroom on Bay State Road Apt 3R,N/A,N/A,N/A
Studio on Newbury Street Apt 41,N/A,N/A,N/A
Roseclair at Upham's Corner Apts,N/A,N/A,N/A
Alameda 2 at Weld Farm Condo,N/A,N/A,N/A
Two-Bedroom on E Springfield Street Apt 2,N/A,N/A,N/A
Residence Inn by Marriott Boston Harbor on Tudor Wharf,Excellent,8.6,250
Studio on Arch Street Apt 2A,N/A,N/A,N/A
The Michelle 2,N/A,N/A,N/A
One-Bedroom on Arch Street Apt 4C,Very Good,8.1,8
652 Massachusetts Avenue by Short Term Rentals Boston,Good,7.3,10
Dorset at Upham's Corner Condo,N/A,N/A,N/A
Holiday Inn Express Hotel and Suites Boston TD Garden,Good,7.7,337
Two-Bedroom on Western Avenue Apt N322,N/A,N/A,N/A
Boston Marriott Long Wharf,Excellent,8.6,304
Two-Bedroom on Commonwealth Avenue Apt 1314,N/A,N/A,N/A
Affordable Studio with One Free Parking Spot,N/A,N/A,N/A
Shawmut In Ashmont Village Condo,N/A,N/A,N/A
Mayhew at Upham's Corner Apts,N/A,N/A,N/A
Studio on Arch Street Apt 5B,N/A,N/A,N/A
Allston Red House 1 Bed Apartment by RoyalStreet,N/A,N/A,N/A
Moroccan Luxury Suites,Exceptional,9.6,51
Three-Bedroom on Washington Street Apt 4,N/A,N/A,N/A
One-Bedroom on Beacon Street Apt 205,N/A,N/A,N/A
Apartments on Western Avenue,Good,7.8,11
16 E. Springfield Street by Short Term Rentals Boston,Very Good,8.0,17
Two-Bedroom on Western Avenue Apt N314,N/A,N/A,N/A
The Longfellow Lookout,N/A,N/A,N/A
Oakwood at Devonshire,N/A,N/A,N/A
Cozy Patio Pool and Whole Foods,N/A,N/A,N/A
784 Tremont Street by Short Term Rentals Boston,Good,7.2,23
Global Luxury Suites at Mission Hill,N/A,N/A,N/A
Bird's Eye View,N/A,N/A,N/A
Marriott Vacation Club Pulse at Custom House Boston,Awesome,9.2,47
One-Bedroom on Warrenton Street Apt 18,N/A,N/A,N/A
Relax n "think" about next business,N/A,N/A,N/A
Royal Street Studio Apartment by RoyalStreet,Excellent,8.8,10
One-Bedroom on Boylston Street Apt 8,Review score,6.0,7
One-Bedroom on Chestnut Hill Avenue Apt 19,N/A,N/A,N/A
One-Bedroom on Beacon Street Apt 714,Very Good,8.1,13
Three-Bedroom on Western Avenue Apt S501,N/A,N/A,N/A
Chandler Studios,Excellent,8.7,98
One-Bedroom on Arch Street Apt 4D,Good,7.9,12
Two-Bedroom on Western Avenue Apt N306,N/A,N/A,N/A
Little Pearl,Exceptional,9.8,6
Zakim's View,N/A,N/A,N/A
One-Bedroom on Washington Street Apt 5,Good,7.6,7
Bluebird Suites at West End,N/A,N/A,N/A
Oakwood at Watermark Seaport,N/A,N/A,N/A
Brighton Retreat,N/A,N/A,N/A
The Ledder House 5,Review score,6.7,20
Oakwood at 234 Newbury,N/A,N/A,N/A
Guild Street Townhouse,Excellent,8.8,6
Beautiful Bunker Hill 2 Bd,N/A,N/A,N/A
Renovated Apartment Near Airport,N/A,N/A,N/A
One-Bedroom on Arch Street Apt 1B,N/A,N/A,N/A
Three-Bedroom on South Street Apt 5 II,N/A,N/A,N/A
Three-Bedroom on South Street Apt 7,N/A,N/A,N/A
Three-Bedroom on South Street Apt 9,N/A,N/A,N/A
Ivy Loft,N/A,N/A,N/A
The Head of The Charles,N/A,N/A,N/A
Cobblestone Loft,N/A,N/A,N/A
Adventures in Allston,N/A,N/A,N/A
One-Bedroom on Washington Street Apt 309,N/A,N/A,N/A
Two-Bedroom on Washington Street Apt 401,N/A,N/A,N/A
306 on Washington Apts,N/A,N/A,N/A
301 on Washington Apts,N/A,N/A,N/A
North End Enchanted Cottage,N/A,N/A,N/A
One-Bedroom on Chestnut Hill Avenue Apt 9,N/A,N/A,N/A
